{"cameraMode":{"drawMode":0,"name":"Shaded","section":"Shading Mode"},"sceneLighting":true,"audioPlay":false,"sceneViewState":{"m_AlwaysRefresh":false,"showFog":true,"showSkybox":true,"showFlares":true,"showImageEffects":true,"showParticleSystems":true,"showVisualEffectGraphs":true,"m_FxEnabled":true},"in2DMode":false,"pivot":{"x":5.639999866485596,"y":3.885000228881836,"z":-3.9099998474121095},"rotation":{"x":0.2445255070924759,"y":0.19504687190055848,"z":-0.050283536314964297,"w":0.9484948515892029},"size":4.200264930725098,"orthographic":false}