{"cameraMode":{"drawMode":0,"name":"Shaded","section":"Shading Mode"},"sceneLighting":true,"audioPlay":false,"sceneViewState":{"m_AlwaysRefresh":false,"showFog":true,"showSkybox":true,"showFlares":true,"showImageEffects":true,"showParticleSystems":true,"showVisualEffectGraphs":true,"m_FxEnabled":true},"in2DMode":false,"pivot":{"x":-26.11780548095703,"y":0.5836185216903687,"z":-20.309429168701173},"rotation":{"x":0.011719495989382267,"y":0.9599721431732178,"z":-0.2768858075141907,"w":0.04063189774751663},"size":4.083715915679932,"orthographic":false}