{"cameraMode":{"drawMode":0,"name":"Shaded","section":"Shading Mode"},"sceneLighting":false,"audioPlay":false,"sceneViewState":{"m_AlwaysRefresh":false,"showFog":true,"showSkybox":false,"showFlares":true,"showImageEffects":true,"showParticleSystems":true,"showVisualEffectGraphs":true,"m_FxEnabled":true},"in2DMode":false,"pivot":{"x":-26.15802574157715,"y":0.5447016954421997,"z":-20.313701629638673},"rotation":{"x":0.000020845734979957342,"y":0.9976046681404114,"z":-0.0692545548081398,"w":0.00030016768141649663},"size":0.4699113070964813,"orthographic":false}