{"cameraMode":{"drawMode":0,"name":"Shaded","section":"Shading Mode"},"sceneLighting":true,"audioPlay":false,"sceneViewState":{"m_AlwaysRefresh":false,"showFog":true,"showSkybox":true,"showFlares":true,"showImageEffects":true,"showParticleSystems":true,"showVisualEffectGraphs":true,"m_FxEnabled":true},"in2DMode":false,"pivot":{"x":-14.138736724853516,"y":1.2900745868682862,"z":-14.399068832397461},"rotation":{"x":-0.013653173111379147,"y":0.9838523864746094,"z":-0.08582131564617157,"w":-0.1565212458372116},"size":17.694547653198243,"orthographic":false}