{"cameraMode":{"drawMode":0,"name":"Shaded","section":"Shading Mode"},"sceneLighting":true,"audioPlay":false,"sceneViewState":{"m_AlwaysRefresh":false,"showFog":true,"showSkybox":true,"showFlares":true,"showImageEffects":true,"showParticleSystems":true,"showVisualEffectGraphs":true,"m_FxEnabled":true},"in2DMode":false,"pivot":{"x":2.3894686698913576,"y":1.9009015560150147,"z":-28.747098922729493},"rotation":{"x":0.010277491994202137,"y":-0.7283534407615662,"z":0.01092600729316473,"w":0.6850883364677429},"size":10.638368606567383,"orthographic":false}