{"cameraMode":{"drawMode":0,"name":"Shaded","section":"Shading Mode"},"sceneLighting":true,"audioPlay":false,"sceneViewState":{"m_AlwaysRefresh":false,"showFog":true,"showSkybox":true,"showFlares":true,"showImageEffects":true,"showParticleSystems":true,"showVisualEffectGraphs":true,"m_FxEnabled":true},"in2DMode":false,"pivot":{"x":-0.5634078979492188,"y":0.5648384094238281,"z":-2.372152328491211},"rotation":{"x":0.09298299998044968,"y":-0.5225727558135986,"z":0.05743395537137985,"w":0.8456741571426392},"size":15.094194412231446,"orthographic":false}