{"cameraMode":{"drawMode":0,"name":"Shaded","section":"Shading Mode"},"sceneLighting":true,"audioPlay":false,"sceneViewState":{"m_AlwaysRefresh":false,"showFog":true,"showSkybox":true,"showFlares":true,"showImageEffects":true,"showParticleSystems":true,"showVisualEffectGraphs":true,"m_FxEnabled":true},"in2DMode":false,"pivot":{"x":6.2169084548950199,"y":-1.4732961654663087,"z":-6.9748992919921879},"rotation":{"x":0.2375880926847458,"y":0.030593087896704675,"z":-0.007484570145606995,"w":0.9708687663078308},"size":18.519447326660158,"orthographic":false}