{"cameraMode":{"drawMode":0,"name":"Shaded","section":"Shading Mode"},"sceneLighting":true,"audioPlay":false,"sceneViewState":{"m_AlwaysRefresh":false,"showFog":true,"showSkybox":true,"showFlares":true,"showImageEffects":true,"showParticleSystems":true,"showVisualEffectGraphs":true,"m_FxEnabled":true},"in2DMode":false,"pivot":{"x":1326.6971435546875,"y":770.876708984375,"z":140.88177490234376},"rotation":{"x":0.059963516891002658,"y":-0.004491923842579126,"z":0.00026988645549863577,"w":0.9981942772865295},"size":537.127685546875,"orthographic":true}