{"cameraMode":{"drawMode":0,"name":"Shaded","section":"Shading Mode"},"sceneLighting":true,"audioPlay":false,"sceneViewState":{"m_AlwaysRefresh":false,"showFog":true,"showSkybox":true,"showFlares":true,"showImageEffects":true,"showParticleSystems":true,"showVisualEffectGraphs":true,"m_FxEnabled":true},"in2DMode":false,"pivot":{"x":1387.272216796875,"y":647.5322875976563,"z":18.92806625366211},"rotation":{"x":0.01049971766769886,"y":0.001499848091043532,"z":-0.000015718378563178703,"w":0.9999465346336365},"size":977.08544921875,"orthographic":false}