{"cameraMode":{"drawMode":0,"name":"Shaded","section":"Shading Mode"},"sceneLighting":true,"audioPlay":false,"sceneViewState":{"m_AlwaysRefresh":false,"showFog":true,"showSkybox":true,"showFlares":true,"showImageEffects":true,"showParticleSystems":true,"showVisualEffectGraphs":true,"m_FxEnabled":true},"in2DMode":false,"pivot":{"x":-1.7082443237304688,"y":0.23377609252929688,"z":-4.826242446899414},"rotation":{"x":0.09298299998044968,"y":-0.5225727558135986,"z":0.05743395537137985,"w":0.8456741571426392},"size":28.64923858642578,"orthographic":false}