{"cameraMode":{"drawMode":0,"name":"Shaded","section":"Shading Mode"},"sceneLighting":false,"audioPlay":false,"sceneViewState":{"m_AlwaysRefresh":false,"showFog":true,"showSkybox":false,"showFlares":true,"showImageEffects":true,"showParticleSystems":true,"showVisualEffectGraphs":true,"m_FxEnabled":true},"in2DMode":false,"pivot":{"x":16.165924072265626,"y":0.800000011920929,"z":-3.3650243282318117},"rotation":{"x":0.12759649753570558,"y":-0.8712389469146729,"z":0.31015127897262576,"w":0.35842910408973696},"size":0.8660253882408142,"orthographic":false}