{"cameraMode":{"drawMode":0,"name":"Shaded","section":"Shading Mode"},"sceneLighting":false,"audioPlay":false,"sceneViewState":{"m_AlwaysRefresh":false,"showFog":true,"showSkybox":false,"showFlares":true,"showImageEffects":true,"showParticleSystems":true,"showVisualEffectGraphs":true,"m_FxEnabled":true},"in2DMode":false,"pivot":{"x":0.2856917381286621,"y":0.731837272644043,"z":-0.24854791164398194},"rotation":{"x":-0.013653173111379147,"y":0.9838523864746094,"z":-0.08582131564617157,"w":-0.1565212458372116},"size":1.9205251932144166,"orthographic":false}